Energy (kcal),Sugars (g),Salt (g),Saturated Fat (g),Proteins (g),Fiber (g),Fruits_Vegetables (%),Nutri-Score,Utility_pred
371.0,0.5,1.1,0.2,80.0,5.0,0.0,a,17.743197927721337
355.0,27.1,0.03,0.8,8.0,7.7,56.1875,b,1.5810818978614327
320.0,25.0,0.0,0.6,8.0,11.0,99.796875,a,1.0960038121652957
495.0,4.4,0.05,9.2,13.7,12.8,55.25,c,1.0616554862795056
363.0,17.5,0.075,0.8,9.6,9.2,60.4322916666667,a,1.0527540205000596
601.0,8.6,0.19,20.7,15.0,10.9,70.0,d,1.0377021008144
424.44444444444,22.222222222222,0.02222225,1.5555555290646,7.5555557674831,7.5,74.1,a,1.0366248926642112
382.0,25.1,0.07,2.3,8.5,8.7,63.25,c,1.0333762888133284
363.0,18.200000762939,0.03,1.7000000476837,10.199999809265,7.6,95.8194444444445,a,1.0273894043174172
270.0,9.0,0.125,2.5,6.0,5.0,5.25833333333333,a,0.41204349306877686
377.0,6.2,1.0,0.5,6.0,3.4,0.0,c,0.37594726860490585
397.0,35.0,0.738,0.7,6.0,2.5,6.0,d,0.35438896791625923
398.0,35.0,0.75,0.7,6.0,0.0,6.0,d,0.332701383228473
415.0,8.4,0.03,2.0,13.2,8.1,52.8984375,a,0.28814253365328063
415.0,28.0,0.58,3.8,6.0,4.5,0.79900568181818,d,0.25209903498695707
432.0,9.3,0.07,2.9,10.0,12.0,4.0,a,0.22677061367546822
459.0,14.0,0.06,2.1,10.0,9.7,1.93749999999999,b,0.22670983049973098
368.0,11.0,0.269,0.3,10.0,10.0,0.0,a,0.22645796755752287
420.0,12.0,0.01,3.1,10.0,7.5,0.0,b,0.22608164001682896
368.0,10.0,0.43,0.3,10.0,10.0,0.0,a,0.22549259695203164
364.0,1.2,0.0,1.1,10.0,8.9,0.0,a,0.22517255793248672
441.0,18.0,0.23,1.1,10.0,5.9,0.0,b,0.2241998712827466
312.0,6.2,0.01,4.8,10.0,10.0,0.0,a,0.22412907096677753
364.0,17.0,0.03,0.6,10.0,9.0,0.0,a,0.22385405340342768
366.0,13.0,0.02,1.0,10.0,9.9,24.0,a,0.22315497801018583
416.0,12.0,0.55,4.3,10.0,8.4,0.0,c,0.221867847136786
434.0,14.0,0.5,3.1,10.0,10.0,2.91666666666667,c,0.22024093047324358
362.0,15.0,0.02,0.7,10.0,10.0,23.5,a,0.2192411411162597
474.0,18.0,0.02,5.5,10.0,8.1,3.15,c,0.21841507624002132
444.0,21.0,0.22,6.3,10.0,5.6,0.0,c,0.21738793386605273
373.0,9.5,0.03,1.3,10.0,13.0,14.46875,a,0.21704482888005372
385.0,12.0,0.1,0.8,10.0,6.7,0.0,a,0.21445123869548743
461.0,14.0,0.01,5.9,10.0,10.0,2.0,c,0.213227438731304
373.0,19.0,0.46,1.8,10.0,2.7,0.0,c,0.21309449905497413
368.0,11.0,0.43,0.3,10.0,0.0,0.0,b,0.21184995395203163
380.0,22.0,0.001675,1.0,10.0,6.0,0.0,a,0.20943883139436575
465.0,19.0,0.01,7.2,10.0,11.0,3.0,d,0.20860117575927872
386.0,17.0,0.16,2.29999995231628,10.0,10.0,0.0,a,0.2082151121229198
386.0,17.0,0.13,2.3,10.0,10.0,0.0,a,0.2082151119968066
386.0,17.0,0.16,2.3,10.0,10.0,0.0,a,0.2082151119968066
380.0,22.0,0.67,1.0,10.0,6.0,0.0,b,0.20507833974171558
443.0,17.0,0.33,5.1,10.0,0.0,0.257421875000006,d,0.20376812492049468
392.0,19.0,0.05,4.5,10.0,10.0,0.0,c,0.19358290353613794
456.0,16.0,0.01,1.8,10.0,2.8,7.0,b,0.18507659694334536
373.0,19.0,0.41,1.8,10.0,9.5,0.0,b,0.17983800037458797
447.0,37.0,0.78,6.5,10.0,3.3,2.9375,e,0.17889449201815982
425.0,19.0,0.15,1.9,10.0,8.5,0.0,b,0.1650726991866393
442.0,20.0,0.02,8.7,10.0,7.7,2.0,d,0.1581657276741089
400.0,13.0,1.0,0.5,10.0,10.0,0.0,b,0.14396784237430565
397.0,14.0,0.1,1.9,10.0,9.2,1.0875,a,0.1253379023614541
413.0,18.0,0.04,2.7,11.0,8.3,19.58,b,0.11355616311795329
371.0,0.3,0.01,0.2,8.0,5.0,0.0,a,0.10142182803821068
417.0,1.4,0.07,1.5,8.0,5.5,0.0,a,0.09227580198911407
483.0,12.9,0.31,5.1,8.0,6.9,4.8,c,0.09122181260772533
382.0,7.4,0.51,0.2,8.0,3.3,0.0,b,0.08825808110190952
524.0,13.5,0.05,3.3,13.7,7.3,48.5,c,0.08505017936692252
443.0,22.0,0.04,1.7,8.0,7.7,9.0,b,0.08240746006703956
385.0,7.6,0.9,0.2,8.0,3.4,0.000123795219096223,b,0.0810559476617659
304.0,0.8,0.295,3.7,15.0,2.7,0.0,b,0.0766373999033197
436.0,17.4,0.63,2.7,24.9,5.6,19.4,c,0.07476894618689893
497.0,21.0,0.63,12.0,8.0,5.8,3.0,d,0.07442306180672917
494.0,12.6,0.03,2.7,13.1,7.0,47.5,a,0.07396987149381605
445.0,15.0,0.04,4.1,10.0,7.3,0.0,c,0.07268741953743454
497.0,21.0,0.68,12.0,8.0,5.8,3.0,d,0.07251279089082863
443.0,22.0,0.04,1.7,8.0,8.0,6.42361111111111,b,0.07205684420340375
469.0,31.1,0.744,4.89,8.0,4.44,4.0,d,0.07201485017257217
372.0,25.0,0.27,1.6,8.0,7.6,0.0,c,0.0709006317351949
481.0,19.0,0.85,11.0,8.0,5.7,0.0,d,0.07068168423020095
453.0,23.0,0.43,7.2,8.0,6.0,27.5,d,0.06901822066294239
453.0,23.0,0.43,7.2,8.0,6.0,0.0,d,0.06813388439294239
0.0,0.8,0.02,0.3,12.7,14.9,0.0,a,0.06773487686316942
392.0,17.0,0.95,0.3,8.0,5.9,4.5,c,0.06737717668108079
491.0,21.1,1.67,10.0,8.0,7.11,3.07161458333333,e,0.06673057932971709
451.0,21.9,0.65,6.5,9.9,7.7,0.0,d,0.06617418400335244
347.0,1.0,0.0,0.6,9.7,12.0,0.0,a,0.06510045922052701
222.0,4.9,0.1,0.7,7.9,6.1,37.5,a,0.06460885661534357
427.0,6.3,0.03,2.3,13.6,8.7,18.75,a,0.06452230107296131
427.0,15.0,0.21,2.5,9.9,8.2,3.0,b,0.06427598344526098
392.0,15.0,0.84,0.3,8.0,6.0,0.0,b,0.0636230474166628
392.0,15.0,0.84,0.3,8.0,6.0,0.0,b,0.0636230474166628
392.0,15.0,0.84,0.3,8.0,6.0,0.0,b,0.0636230474166628
392.0,15.0,0.84,0.3,8.0,6.0,0.0,b,0.0636230474166628
392.0,15.0,0.84,0.3,8.0,6.0,0.0,b,0.0636230474166628
378.0,14.3,0.025,0.9,9.9,7.0,18.0,a,0.06349189744643419
347.0,1.0,0.01,0.6,9.6,12.0,0.0,a,0.0634023645418361
499.0,12.6,0.06,7.0,9.9,8.2,34.3690476190476,c,0.06138757524213869
437.0,19.0,0.03,1.8,8.0,5.8,1.3125,b,0.06131000505012346
460.0,12.1,0.2,2.3,12.6,8.6,17.7,a,0.059663386620225176
333.0,17.0,0.14,0.3,7.9,8.2,0.0,a,0.05962027008355121
454.0,19.0,0.41,5.4,9.9,5.8,7.0,c,0.059549664510528955
360.0,0.7,0.05,0.5,12.2,12.2,0.0,a,0.05921668422320403
452.0,5.8,0.11,2.6,12.0,7.6,25.5,a,0.05833287962063816
378.0,12.9,0.08,3.1,9.9,9.1,22.08984375,a,0.058183947651265465
359.0,14.0,0.01,1.0,9.8,9.2,22.0,a,0.05809822798460205
352.0,1.3,0.0,0.8,11.6,10.7,2.0,a,0.05750858500307229
367.0,0.7,0.04,0.5,12.5,12.5,0.0,a,0.05746049510310787
367.0,0.7,0.05,0.5,11.8,12.5,0.0,a,0.05746049510310787
367.0,0.7,0.01,0.5,12.5,12.5,0.0,a,0.05746049510310787
368.0,8.3,0.56,0.6,9.8,8.5,0.0,a,0.057375950651693514
454.0,4.8,0.03,2.2,11.0,16.2,24.0,a,0.057309667288167686
469.0,17.0,0.01,4.8,9.8,7.5,0.0,c,0.05712962624701548
426.0,18.0,0.02,1.4,11.0,7.7,9.0,a,0.05686075946403198
364.0,1.2,0.0,0.6,14.0,11.0,0.0,a,0.05672904868569255
416.0,18.0,0.11,4.3,9.8,10.0,0.78125,c,0.056725071430144255
362.0,12.5,0.03,0.8,11.2,7.2,18.0,a,0.05655412192115657
410.0,10.1,0.0,2.2,12.5,10.2,1.59375,a,0.05644135224989136
362.0,11.9,0.02,0.7,11.2,7.4,17.0,a,0.056365075347859485
451.0,2.5,0.03,2.4,12.6,16.1,17.625,a,0.0562471047339202
467.0,8.4,0.02,2.3,14.0,8.9,10.0,a,0.056205261515136426
353.0,4.47,0.263,0.526,11.8,10.0,0.0,a,0.05594312834443971
467.0,16.1,0.0,2.2,10.9,7.6,11.0,b,0.05581614977845169
456.0,17.5,0.14,4.9,9.8,7.3,0.0,c,0.05576484106503363
372.0,5.0,0.0,0.4,9.6,9.3,0.0,a,0.05574651654222085
376.0,17.7,0.075,4.8,9.9,8.5,38.15625,c,0.055682811399531996
439.0,13.0,0.12,2.5,15.0,8.0,23.1,a,0.05552279483087797
351.0,1.5,0.01,0.9,16.0,5.6,0.0,a,0.05546176129290245
344.0,9.0,0.02,0.9,12.0,15.0,10.75,a,0.055451450097328166
424.0,19.0,0.05,1.4,8.9,7.7,0.0,b,0.055436263275640094
442.0,22.0,0.17,2.8,9.8,8.1,1.4,c,0.055432990310734204
430.0,18.9,0.1,4.9,9.8,6.8,15.0,c,0.05509399237373935
359.0,1.0,0.0,1.0,14.0,11.0,0.0,a,0.05505434664320158
414.0,22.0,0.2,3.6,9.9,8.4,3.0,c,0.05498780824384075
369.0,10.0,0.02,0.7,9.5,12.0,20.0,a,0.05497232181194726
353.0,4.9,0.03,0.8,11.2,9.0,5.5,a,0.05494577608520859
373.0,1.0,0.01,1.3,11.0,8.7,18.75,a,0.054716187618835885
359.0,11.0,0.28,0.5,12.0,16.0,0.0,a,0.05462702369013556
359.0,11.0,0.28,0.5,12.0,16.0,0.0,a,0.05462702369013556
442.0,18.0,0.01,2.4,9.0,7.6,1.65749999999998,b,0.05452413437152589
419.0,14.0,0.2,2.2,15.0,9.8,27.5,b,0.05445350219299674
334.0,18.0,0.0,0.7,14.0,27.0,0.0,a,0.05439558057661374
472.0,12.1,0.03,2.8,12.7,5.8,22.0,a,0.05439088034918307
449.0,6.8,0.01,2.8,12.0,8.5,4.0,a,0.05436803876349747
358.0,4.4,0.28,0.6,12.0,10.0,0.0,a,0.054271367935744774
358.0,4.4,0.28,0.6,12.0,10.0,0.0,a,0.054271367935744774
358.0,4.4,0.28,0.6,12.0,10.0,0.0,a,0.054271367935744774
358.0,4.4,0.28,0.6,12.0,10.0,0.0,a,0.054271367935744774
358.0,4.4,0.28,0.6,12.0,10.0,0.0,a,0.054271367935744774
374.0,21.0,0.25,0.9,11.0,7.7,14.0,a,0.05425674045710269
469.0,17.5,0.03,2.6,10.2,6.1,17.375,b,0.05403794493907766
363.0,4.27,0.26,0.533,12.0,10.1,0.0,a,0.05397136121810499
348.0,13.0,0.05,0.9,11.0,5.0,20.0,a,0.05396835160795974
363.0,1.1,0.01,1.0,10.3,8.3,0.0,a,0.053948489121536006
363.0,1.1,0.01,1.0,10.3,8.3,0.0,a,0.053948489121536006
362.0,1.25,0.025,1.0,10.2,8.25,0.0,a,0.05384038588784423
359.0,1.0,0.01,1.1,14.0,12.0,0.0,a,0.05382477166209802
441.0,14.0,0.02,2.1,11.0,9.9,9.95975855130785,b,0.05382176075181262
364.0,11.0,0.42,0.3,12.0,11.0,0.0,a,0.053720062194284976
358.0,4.4,0.3,0.6,12.0,10.0,0.0,a,0.05369542458378568
209.0,17.0,0.16,5.4,9.7,8.9,2.35048185941043,c,0.05362948005026284
359.0,1.1,0.01,1.1,14.0,12.0,0.0,a,0.053613016631976346
415.0,14.0,0.02,2.2000000476837,14.0,9.5,0.116406249999997,b,0.05357038716361362
362.0,4.4,0.275,0.6,12.0,10.0,0.0,a,0.053530439140157385
456.0,17.0,0.01,2.1,11.0,7.4,6.3,b,0.053517632901819524
479.0,20.6,0.01,2.3,10.6,9.5,16.0,c,0.05350383155341375
364.0,1.2,0.01,1.0,14.2,12.3,0.0,a,0.05347233657358044
362.0,4.4,0.28,0.6,12.0,10.0,0.0,a,0.05341471220495066
362.0,4.2,0.28,0.6,12.0,10.0,0.0,a,0.05341471220495066
362.0,4.2,0.28,0.6,12.0,10.0,0.0,a,0.05341471220495066
362.0,4.2,0.28,0.6,12.0,10.0,0.0,a,0.05341471220495066
362.0,4.1999998092651,0.28000000119209,0.60000002384186,12.0,10.0,0.0,a,0.05341471203458037
447.0,10.0,0.05,3.1,11.0,8.5,20.5,b,0.0533491267029342
415.0,18.0,0.2,3.1,9.3,7.6,15.6666666666667,c,0.05333632049690434
375.0,13.0,0.09,0.7,40.0,7.2,18.2,a,0.053174493325106986
360.0,17.6,0.02,1.0,9.5,10.3,17.0,a,0.05288752540066428
408.0,18.0,0.06,2.2,12.0,8.6,9.59166666666667,b,0.05287137172312707
440.0,13.0,0.15,2.8,9.1,6.7,5.52604166666666,a,0.05284139340133967
508.0,1.8,0.1,4.5,22.1,24.0,0.0,b,0.05276353522569607
366.0,10.6,0.42,0.4,11.3,10.9,0.0,a,0.052750050278489016
372.0,13.6,0.0825,0.4,7.9,4.6,0.0,a,0.05263248615932548
376.0,1.6,0.05,0.4,14.0,11.0,0.0,a,0.05244704639408568
471.0,7.2,0.03,5.0,12.5,7.3,16.25,b,0.052439668634344516
438.0,13.0,0.1275,3.0,13.0,6.0,30.8,a,0.052353897320247346
357.0,14.0,0.01,0.8,11.0,9.4,20.979020979021,a,0.052260050458503425
352.0,14.0,0.03,0.9,11.0,10.0,24.5,a,0.05225830448584668
448.0,21.0,0.15,4.4,9.7,8.4,0.0,c,0.05215230321200967
370.0,1.0,0.0312,1.0,11.2,8.25,0.0,a,0.05213454319425355
469.0,17.5,0.03,2.6,10.2,6.1,14.84375,b,0.052056387959637816
347.0,8.1,0.54,0.9,12.2,15.7,0.0,a,0.05202844392641262
350.0,13.5,0.475,0.75,13.8,22.0,0.0,a,0.05197861889943502
372.0,0.7,0.01,1.0,14.0,10.0,0.0,a,0.051966805731907775
459.0,10.3,0.08,3.4,13.2,7.6,13.8541666666667,b,0.051914233673670644
436.0,17.9,0.2,3.0,9.0,7.6,0.0,b,0.05189611151215558
416.0,18.0,0.2,2.5,9.2,5.6,0.0,b,0.05173946236061509
469.0,15.0,0.44,2.7000000476837,9.8,6.3,0.0,c,0.05172035182066417
380.0,1.2,0.21,0.6,8.8,4.8,0.0,a,0.051719663488379794
365.0,12.0,0.15,0.8,17.0,7.0,0.0,a,0.05165351812785039
452.0,17.5,0.22,2.4,7.7,6.2,5.2,b,0.05151821361803538
357.0,0.7,0.02,1.3,14.0,10.0,0.0,a,0.05137201238063946
491.0,8.3,0.03,3.7,9.1,17.3,45.75,a,0.05128357730099398
0.0,0.0,0.0,0.0,0.0,0.0,10.0,d,0.05127508556468659
356.0,12.0,0.35,0.5,12.0,16.0,0.0,a,0.05126618214625629
0.0,0.0,0.0,0.0,0.0,0.0,0.0,b,0.051237563099999994
0.0,0.0,0.0,0.0,0.0,0.0,0.0,b,0.051237563099999994
350.0,13.6,0.5,0.8,13.6,22.1,0.0,a,0.05120557210349913
362.0,13.2,0.63,0.5,11.1,17.2,0.0,a,0.05095530274125841
371.0,0.8,0.01,1.1,13.2,9.7,0.0,a,0.05093577349608354
371.0,0.8,0.0,1.1,13.2,9.7,0.0,a,0.05093577349608354
370.0,1.5,0.025,1.0,12.0,8.5,0.0,a,0.050906926823614584
360.0,0.7,0.01,1.3,12.5,9.5,0.0,a,0.05076889350590445
364.0,1.2,0.0,1.2,13.0,9.2,0.0,a,0.05073373775203162
375.0,0.7,0.02,1.0,14.0,10.0,0.0,a,0.050709066487396204
365.0,1.1,0.02,1.2,12.1,11.4,0.0,a,0.0506994774603263
441.0,18.3,0.91,2.7,26.5,6.0,18.66083984375,c,0.050620400079384925
0.0,18.0,0.95,0.7,14.0,27.0,0.0,c,0.05037970262307061
359.0,10.8,0.68,0.6,10.6,14.6,0.0,a,0.050369438803871555
451.0,14.0,0.27,4.6,9.5,8.1,4.0,c,0.0501018768588011
368.0,1.0,0.03,1.2,11.0,12.0,0.0,a,0.05004828874881792
478.0,14.0,0.48,2.9,11.0,6.5,16.5,c,0.0499291381107999
367.0,10.8,0.9,0.6,9.4,7.6,0.0,a,0.04980574250388572
369.0,1.0,0.01,1.2,12.0,10.0,0.0,a,0.04973062540044976
358.0,14.0,0.66,0.4,11.0,17.0,0.0,a,0.04967006325645336
358.0,14.0,0.66,0.4,11.0,17.0,0.0,a,0.04967006325645336
358.0,14.0,0.66,0.4,11.0,17.0,0.0,a,0.04967006325645336
368.0,0.75,0.025,1.25,13.5,10.0,0.0,a,0.049629941666414004
361.0,1.2,0.0,1.3,14.0,11.0,0.0,a,0.0495534501844883
361.0,1.2,0.0,1.3,14.0,11.0,0.0,a,0.0495534501844883
368.0,11.0,0.9,0.6,9.4,7.6,0.0,a,0.049503831057089526
368.0,10.8,0.9,0.6,9.4,7.6,0.0,a,0.049503831057089526
368.0,10.8,0.9,0.6,9.4,7.6,0.0,a,0.049503831057089526
357.0,14.0,0.03,1.0,11.0,9.6,9.0,a,0.04949292749868861
458.0,14.0,0.14,4.3,13.0,7.9,11.35,c,0.049481748078917163
447.0,17.0,0.06,4.9,5.5,9.5,0.693333333333328,c,0.04945897980226342
421.0,17.2,0.03,1.3,11.3,6.5,21.2727272727273,a,0.04941009731595541
421.0,17.0,0.01,1.3,11.0,7.4,5.265625,a,0.049402900818461305
374.0,13.2,0.03,1.1,9.6,8.6,24.0,a,0.049059278352470724
434.0,18.3,0.48,2.7,24.9,5.9,26.5729166666667,c,0.049014502027409666
478.0,14.0,0.5,2.9,11.0,6.5,15.0,c,0.04888006605059063
448.0,17.4,0.63,2.7,27.9,5.6,22.0,c,0.04868907104032127
447.0,2.9,0.03,2.6,13.9,10.0,23.715625,a,0.048643959166758864
378.0,1.0,0.0,1.0,14.0,11.0,0.0,a,0.04863560517691912
363.0,1.4,0.0,1.3,11.8,11.6,0.0,a,0.0485812513347903
359.0,14.0,0.68,0.4,12.0,14.0,0.0,b,0.048546732486277624
373.0,1.3,0.02,1.1,13.0,7.2,0.0,a,0.048536802842527774
367.0,1.0,0.02,1.3,12.1,9.1,0.0,a,0.048454247165311076
367.0,1.0,0.03,1.3,12.1,9.1,0.0,a,0.048454247165311076
367.0,1.0,0.01,1.3,12.1,9.1,0.0,a,0.048454247165311076
367.0,1.0,0.01,1.3,12.1,9.1,0.0,a,0.048454247165311076
416.0,20.1,0.03,3.1,10.1,6.3,12.75,c,0.04843575799713847
363.0,5.4,0.02,1.2,13.0,10.0,7.0,a,0.04833597245614764
373.0,1.0,0.1,1.2,12.0,7.9,0.0,a,0.04827492539627719
380.0,11.0,0.02,0.5,9.3,7.0,0.0,a,0.048260978212781816
436.0,18.0,0.28,3.0,9.2,6.6,0.0,c,0.04820198238891009
368.0,1.0,0.0,1.3,12.1,10.0,0.0,a,0.04815233571851489
464.0,20.1,0.24,3.4,9.6,8.0,0.28125,c,0.0480931434744892
361.0,1.2,0.0,3.25,13.0,27.5,0.0,a,0.048068702565440685
353.0,15.0,0.03,0.7,11.0,11.0,25.0,a,0.048061445134252555
352.0,10.2,0.59,0.5,10.6,15.7,0.0,a,0.047968478834845604
362.0,1.7,0.02,1.3,11.0,11.0,0.0,a,0.04789643771803019
490.0,19.0,0.54,2.5,11.0,6.9,14.5,c,0.047888574654719955
440.0,17.9,0.03,4.3,11.5,7.0,9.75,c,0.047881744365807735
374.0,1.0,0.03,1.2,12.0,7.9,0.0,a,0.047856411645077576
374.0,1.0,0.03,1.2,12.0,7.9,0.0,a,0.047856411645077576
455.0,20.9,0.53,4.5,9.6,8.1,0.0,c,0.04778018892289468
378.0,0.741,0.037,1.11,11.1,8.15,0.0,a,0.04775731384577321
447.0,7.9,0.06,3.7,13.2,17.0,18.5,a,0.047656138385842546
375.0,1.0,0.01,1.2,11.0,11.0,10.7142857142857,a,0.04752263465833921
370.0,1.0,0.01,1.3,11.7,8.4,0.0,a,0.047499991342401696
370.0,1.0,0.0,1.3,11.0,9.0,0.0,a,0.047499991342401696
372.0,14.0,0.5,0.4,11.0,13.0,0.0,a,0.047467385826220385
441.0,17.4,0.1,4.8,11.6,5.5,7.5,c,0.04742991408931385
371.0,0.9,0.01,1.3,12.0,9.9,0.0,a,0.04734501754737834
334.0,18.0,0.9,0.7,14.0,27.0,0.0,b,0.047334610214815984
372.0,0.7,0.02,1.3,13.5,10.0,0.0,a,0.04733225388005592
372.0,0.7,0.1,1.3,13.5,10.0,0.0,a,0.04733225388005592
372.0,0.7,0.01,1.3,14.0,10.0,0.0,a,0.04733225388005592
372.0,0.7,0.02,1.3,14.0,10.0,0.0,a,0.04733225388005592
372.0,0.7,0.03,1.3,13.5,10.0,0.0,a,0.04733225388005592
372.0,0.7,0.1,1.3,14.0,10.0,0.0,a,0.04733225388005592
372.0,0.7,0.0,1.3,14.0,10.0,0.0,a,0.04733225388005592
372.0,0.7,0.02,1.3,13.5,10.0,0.0,a,0.04733225388005592
372.0,0.7,0.008,1.3,13.5,10.0,0.0,a,0.04733225388005592
355.0,3.0,0.275,0.3,12.4,12.9,0.0,a,0.04729601795464844
477.0,4.7,0.02,3.5,13.6,8.5,7.0,a,0.04721760119802443
364.0,12.5,0.72,0.3,10.8,12.0,0.0,a,0.047159979541095465
364.0,12.5,0.72,0.3,10.8,12.0,0.0,a,0.047159979541095465
364.0,12.5,0.72,0.3,10.8,12.0,0.0,a,0.047159979541095465
374.0,1.79,0.336,0.63,11.02,7.13,0.0,a,0.04715355076794524
453.0,20.8,0.03,4.6,9.2,6.0,0.0,c,0.047093065959189925
371.0,1.1,0.03,1.3,13.0,10.0,0.0,a,0.04693513247566829
357.0,21.0,0.02,2.5,7.7,8.4,35.5,b,0.04686291428714321
453.0,18.4,0.7,2.6,9.3,7.5,5.5,c,0.04678417807444855
456.0,18.5,0.03,5.3,9.4,5.7,6.0,c,0.04674791071063661
351.0,14.0,0.58,0.8,13.0,22.0,0.0,a,0.04663118770013751
421.0,14.0,0.2,5.4,8.9,7.8,8.85714285714285,c,0.04658810509211038
370.0,19.1,0.03,0.8,10.6,8.1,14.0,a,0.046574583786164137
372.0,1.1,0.0,1.3,13.0,10.0,0.0,a,0.04656204162943703
368.0,14.7,0.03,1.1,9.6,9.0,22.0,a,0.04654932033121107
375.0,21.4,0.28,1.0,11.0,7.6,43.0,a,0.04645335626793095
364.0,1.2,0.01,1.4,12.0,8.6,0.0,a,0.04638419844721879
455.0,17.0,0.01,5.2,8.6,7.3,2.784375,c,0.04638164241544343
437.0,15.0,0.48,4.3,9.7,9.8,0.1171875,c,0.04636327787691229
437.0,15.0,0.48,4.3,9.7,9.8,0.234375,c,0.04636327787691229
359.0,3.0,0.23,0.5,12.7,8.0,0.0,a,0.04635257090414496
475.0,18.0,0.03,6.6,7.9,5.8,7.5,c,0.04628533418311877
449.0,26.0,0.41,2.4,7.9,3.6,10.3614583333333,c,0.046202808953933965
334.0,18.0,0.95,0.7,14.0,27.0,0.0,c,0.046200065589379696
334.0,18.0,0.95,0.7,14.0,27.0,0.0,c,0.046200065589379696
432.0,21.0,0.01,1.3,8.4,6.2,5.0,b,0.046178492428153584
446.0,21.0,0.32,11.0,7.4,6.6,19.2,d,0.04615808415904124
413.0,6.7,0.000375,1.5,8.6,13.0,0.0,a,0.04614896039498757
442.0,10.3,0.81,3.1,26.9,6.7,25.0555555555556,c,0.04607992785073368
375.0,0.7,0.02,1.3,14.0,10.0,0.0,a,0.04607451463554435
375.0,0.7,0.02,1.3,14.0,10.0,0.0,a,0.04607451463554435
375.0,0.7,0.02,1.3,14.0,10.0,0.0,a,0.04607451463554435
375.0,0.7,0.02,1.3,14.0,10.0,0.0,a,0.04607451463554435
375.0,0.7,0.02,1.3,14.0,10.0,0.0,a,0.04607451463554435
431.0,11.3,0.0222,1.56,9.56,6.89,3.0,a,0.04604853326678282
425.0,19.0,0.15,1.4,11.0,7.5,7.0,b,0.045981087699514214
459.0,21.0,0.3,3.3,7.9,6.2,3.0,c,0.045800111212764366
375.0,0.9,0.0,1.3,12.0,10.0,0.0,a,0.04571418745663551
410.0,21.0,0.67,2.5,7.7,5.3,0.0,c,0.04563635857990406
410.0,21.0,0.67,2.5,7.7,5.3,0.0,c,0.04563635857990406
410.0,25.0,0.89,1.0,5.67,6.67,0.0,c,0.04562132974467881
375.0,11.2,0.07,2.7,10.8,10.8,25.0,a,0.04561775323117723
452.0,15.2,0.03,2.1,12.7,6.7,20.5,b,0.045488047568267374
377.0,17.4,0.2,0.4,8.4,6.2,3.7,a,0.04548413818077078
454.0,18.0,0.53,4.3,7.6,9.1,0.0,c,0.04545503092373497
447.0,19.0,0.54,2.7,8.2,7.1,3.0,c,0.045418411837620305
447.0,20.8,0.03,4.7,8.1,6.4,4.08035714285714,c,0.04539933583463951
377.0,10.98,0.2,2.2,33.0,15.3,8.0,a,0.045355449355918356
355.0,2.9,0.677,0.323,12.3,12.9,0.0,a,0.04519809622074979
376.0,8.04,1.31,0.41,5.73,4.59,0.0,c,0.0451555645626679
455.0,16.3,0.48,4.9,8.1,10.0,0.0,c,0.04514508906852817
387.0,0.5,0.01,0.1,7.0,3.2,0.0,a,0.045079658866550326
370.0,1.0,0.02,1.4,11.8,8.4,0.0,a,0.0450464050678919
357.0,10.71,1.785,0.0,7.14,3.6,0.0,c,0.04497893687784768
375.0,0.9,0.0,1.3,12.0,6.9,0.0,a,0.04492076045663551
0.0,23.0,0.04,2.1,8.8,8.1,3.56841773043543,c,0.04484544076707309
373.0,18.9,0.03,2.8,9.3,8.5,17.5,b,0.04460911603228533
434.0,15.0,0.07,4.3,9.3,9.8,1.12013194444445,c,0.04455584541836301
374.0,19.0,0.21,0.7,8.7,7.0,0.0,a,0.04395742467065131
374.0,19.0,0.21,0.7,8.7,7.0,0.0,a,0.04395742467065131
376.0,2.9,0.09,0.3,15.0,11.0,0.0,a,0.043859040330129086
426.0,21.4,0.17,6.4,8.8,6.5,25.0,c,0.04380576051292263
376.0,8.0,0.03,2.8,11.0,8.9,0.0,a,0.043799836915176464
411.0,25.0,0.41,1.2,8.1,7.9,0.0,c,0.04378889455372044
442.0,18.0,0.22,5.5,8.4,6.9,0.0,c,0.04369404688309382
379.0,1.0,0.03,1.3,12.5,7.9,0.0,a,0.04342475765162396
375.0,1.9,0.85,0.2,7.2,3.4,0.0,b,0.04342350996317848
424.0,17.0,0.64,3.2,8.2,6.0,0.0,c,0.04340960896571469
385.0,10.0,0.17,0.5,7.3,12.0,0.0,a,0.04333941741949079
414.0,10.9,0.05,5.6,0.02,6.1,37.4893188476562,c,0.04332785119373605
414.0,21.0,0.7,4.2,7.9,5.8,0.0,d,0.043224068327793526
471.0,21.4,0.62,4.3,9.0,6.9,5.0,d,0.043202652933295144
381.0,11.5,0.1,2.2,11.5,8.8,5.45052083333334,a,0.042956956304113655
439.0,35.0,0.82,5.9,9.9,3.5,2.146875,d,0.042878806153825895
366.0,22.4,0.02,2.4,8.6,7.6,40.0,b,0.042731907028592586
440.0,13.5,0.03,3.6,12.0,7.3,1.75,b,0.04270419228181286
436.0,11.0,0.02,3.7,11.0,8.9,15.5,b,0.04244855314279262
352.0,16.1,0.12,3.4,8.5,9.4,30.5333333333333,b,0.04229876753539267
426.0,18.6,0.03,1.5,11.1,6.8,12.75,b,0.04229514239322029
417.0,26.0,0.81,2.3,8.4,7.5,16.0,c,0.042111226054723484
374.0,19.0,0.93,0.2,7.9,5.1,6.0,c,0.04210806328359208
379.0,0.9,0.96,0.3,7.5,3.2,0.0,b,0.04203744555865653
375.0,5.9,1.9,0.4,7.9,3.3,0.0,c,0.041820478651800205
436.0,23.1,0.025,2.7,9.5,5.9,20.15625,c,0.04176112182084762
447.0,13.7,0.41,5.8,10.9,9.1,0.0906808035714306,c,0.04171797927392107
370.0,1.1,0.03,1.5,11.0,9.0,0.0,a,0.04153499953067082
457.0,22.0,0.14,5.5,9.1,6.4,0.0,c,0.0414319401867225
386.0,8.8,0.52,0.3,8.9,8.1,0.0,a,0.04141298073561893
484.0,25.0,0.68,10.0,7.0,4.9,0.0455729166666667,d,0.04138734853370017
484.0,25.0,0.68,12.0,7.0,4.9,0.375,e,0.04138734853370017
352.0,4.2,0.1,0.9,10.2,0.0,4.5,a,0.040600831855190936
432.0,24.7,0.87,2.4,5.3,5.0,0.0,c,0.04055457483222749
375.0,10.0,0.84,1.0,13.0,15.0,0.0,a,0.04046299269451595
375.0,2.5,0.0,1.25,12.5,10.0,0.0,a,0.040396623917763885
377.0,22.0,0.258,0.667,20.0,7.0,0.0,a,0.040376216990238724
446.0,35.0,0.44,5.7,7.9,4.8,1.75,d,0.04035992329884806
379.0,5.5,0.885,0.3,7.3,3.3,0.0,b,0.04031644380768756
378.0,8.0,1.0825,0.2,7.0,3.0,0.0,b,0.040150225251940314
374.0,22.3,0.45,0.7,9.1,8.7,0.0,a,0.040118802183532365
374.0,1.1,0.0,1.5,11.0,9.0,0.0,a,0.03999546680304368
374.0,1.1,0.01,1.5,11.0,9.0,0.0,a,0.03999546680304368
374.0,1.1,0.0,1.5,11.0,9.0,0.0,a,0.03999546680304368
374.0,1.1,0.0,1.5,11.0,9.0,0.0,a,0.03999546680304368
409.0,2.3,0.7,1.5,9.3,8.6,0.0,a,0.03994117485368355
366.0,21.5,0.43,2.9,8.8,8.7,24.2424242424242,c,0.03992568524022561
377.0,48.0,0.0975,0.2,7.0,7.0,0.0,c,0.03985730291638071
430.0,10.9,0.8375,1.5,11.0,7.3,0.0,c,0.0398538521943656
375.0,22.4,0.225,0.7,8.4,8.5,0.0,a,0.03984631373088023
378.0,8.0,1.1,0.2,7.0,3.0,0.0,b,0.03984320479097884
378.0,8.0,1.1,0.2,7.0,3.0,0.0,b,0.03984320479097884
378.0,8.0,1.1,0.2,7.0,3.0,0.0,b,0.03984320479097884
378.0,8.0,1.1,0.2,7.0,3.0,0.0,b,0.03984320479097884
409.0,25.0,0.49,3.2,8.2,5.8,0.0,c,0.03981696989255308
409.0,25.0,0.49,3.2,8.2,5.8,0.0,c,0.03981696989255308
409.0,25.0,0.49,3.2,8.2,5.8,0.0,c,0.03981696989255308
431.0,15.0,0.07,5.6,11.0,9.8,0.55,c,0.03978771038497923
375.0,1.1,0.01,1.5,11.0,9.0,0.0,a,0.039551065603316254
375.0,1.1,0.01,1.5,11.0,9.0,0.0,a,0.039551065603316254
375.0,1.1,0.01,1.5,11.0,9.0,0.0,a,0.039551065603316254
377.0,34.0,0.02,0.3,7.1,5.0,0.0,c,0.03951812785795962
377.0,34.0,0.02,0.3,7.1,5.0,0.0,c,0.03951812785795962
376.0,6.2,1.5,0.1,7.6,3.2,0.0,c,0.03948193863338038
435.0,22.6,0.05,6.8,9.6,6.9,25.375,d,0.039426726526894496
441.0,24.9,0.5,4.6,8.3,3.3,0.0,d,0.039325481719165084
379.0,18.5,0.58,0.3,7.5,8.0,0.0,b,0.03932223680336548
420.0,24.9,0.9,1.1,6.1,5.0,0.0,c,0.03906329377651871
377.0,22.4,0.22,0.7,8.5,8.6,0.0,a,0.039015124692953075
378.0,8.0,1.13,0.2,7.0,3.0,0.0,c,0.03899280684752206
445.0,17.1,0.0319,1.6,11.6,8.3,3.25,a,0.038913399274538615
374.0,21.0,0.4225,1.1,13.0,6.3,0.0,b,0.038902575908191864
382.0,5.2,0.83,0.2,6.9,3.3,0.0,b,0.038819192554637616
371.0,19.0,0.01,1.4,9.3,7.8,22.0,a,0.03860051177708738
374.0,2.2,2.0,0.2,7.2,3.3,0.0,c,0.038498042548363365
371.0,26.2,0.23,0.9,8.3,6.9,6.5,b,0.03835586384057549
371.0,0.9,0.01,1.0,11.0,0.0,0.0,a,0.03833692639923019
422.0,26.0,0.7,2.8,8.9,6.9,5.6,c,0.03826420765416317
377.0,6.5,1.9,0.1,6.8,3.9,0.0,c,0.03824116163211399
420.0,18.0,0.03,1.6,11.0,6.7,12.6666666666667,a,0.038130470994690524
387.0,1.8,0.0,1.1,14.0,10.0,0.0,a,0.037947696568294415
385.0,19.3,0.29,0.5,9.1,7.5,0.0,a,0.03794400909710009
380.0,22.4,0.22,0.6,8.5,8.6,0.0,a,0.03791925001799152
382.0,15.0,0.18,0.6,7.5,7.5,0.0,a,0.0377466933340077
431.0,21.0,0.01,1.7,9.8,7.1,0.6875,b,0.037630259125273624
496.0,12.1,0.11,3.8,11.6,7.4,16.5,c,0.037515872259821455
433.0,23.0,0.05,5.0,8.5,7.4,32.0,c,0.037472021427725544
379.0,19.0,0.0,1.2,9.0,7.4,0.0,a,0.03745763853745506
482.0,27.0,0.3,6.3,6.7,4.8,13.0,d,0.03720605542079405
373.0,22.3,0.66,0.8,8.7,9.3,0.0,b,0.037092545094001034
468.0,17.6,0.31,5.9,10.2,6.6,11.0,c,0.037035855651663466
377.0,22.3,0.233,1.0,8.67,8.67,0.0,a,0.03692955939560215
484.0,25.0,0.73,10.0,7.0,4.9,0.0,d,0.03692193817614926
446.0,18.0,0.43,1.6,9.3,7.0,0.0,b,0.03674391282347618
437.0,25.0,0.13,6.9,7.5,6.5,25.4,d,0.03671242370120247
438.0,27.0,0.88,2.1,11.0,5.0,0.0,c,0.03662264590136273
385.0,1.0,0.0,1.4,12.0,10.0,0.0,a,0.03642961741326235
361.0,1.0,0.02,1.3,11.7,0.0,0.0,b,0.03634939772165426
376.0,18.0,0.56,1.2,9.0,7.3,0.0,b,0.036225408890165255
373.0,1.0,0.03,1.6,13.0,9.5,0.0,a,0.035951230699307495
471.0,22.6,0.65,5.2,8.9,6.2,2.0,d,0.03594827460169853
373.0,15.0,0.81,0.3,8.2,6.6,0.0,b,0.03591134808374624
383.0,8.0,1.13,0.2,7.0,3.0,0.0,c,0.03563766080350275
377.0,24.8,0.07,5.1,7.9,8.2,28.1,c,0.03560292009876929
355.0,3.3,0.6858,0.3,12.4,11.0,0.0,a,0.03537184390767537
376.0,22.3,0.67,0.8,8.7,8.5,0.0,b,0.03532985856292124
427.0,27.0,0.5,5.0,6.3,6.0,24.1440333946078,d,0.0352346028612592
377.0,22.4,0.22,1.1,8.5,8.6,0.0,a,0.03516602040428109
377.0,22.4,0.22,1.1,8.5,8.6,0.0,a,0.03516602040428109
377.0,22.4,0.22,1.1,8.5,8.6,0.0,a,0.03516602040428109
377.0,22.4,0.22,1.1,8.5,8.6,0.0,a,0.03516602040428109
383.0,21.6,0.48,3.4,9.8,12.1,32.6905555555556,c,0.03506911749163722
459.0,26.9,0.33,4.9,8.7,6.4,0.0,c,0.03502820358078704
387.0,11.2,0.02,2.9,11.1,9.6,0.0,a,0.03499632776268538
434.0,8.0,0.01,1.7,11.0,8.2,7.0,a,0.03496931780831521
431.0,22.2,0.05,5.9,8.3,6.9,15.5,c,0.03489900550691303
387.0,22.4,0.22,1.3,8.9,7.7,0.0,a,0.034866402524497825
367.0,1.0,0.0099999997764826,1.2999999523163,12.10000038147,0.0,0.0,b,0.034811605185276775
441.0,30.0,0.16,5.9,16.0,12.0,27.0,d,0.03461661126492865
383.0,11.5,0.37,0.7,8.9,6.5,4.5,a,0.03445288974930118
381.0,9.1,1.81,0.6,7.4,4.2,0.0,c,0.03399362202920453
417.0,31.0,0.45,3.6,9.0,6.4,16.75,c,0.03395594426722352
370.0,1.0,0.0,1.3,11.0,0.0,0.0,b,0.03385734834240169
382.0,8.8,1.3075,0.5,7.4,4.2,0.0,b,0.0338429124215371
457.0,26.0,0.917,4.67,7.0,3.67,21.75,d,0.03364092743829904
434.0,15.0,0.18,1.6,11.0,7.4,9.0,a,0.033623016835174366
375.0,25.0,0.53,1.2,8.3,7.5,0.0,c,0.03359885242602575
372.0,26.0,0.01,0.2,5.2,2.1,0.0,c,0.033499585047222315
456.0,26.0,0.94,4.5,7.1,3.6,20.75,d,0.033394544932275845
376.0,1.5,0.01,1.6,11.0,8.5,0.0,a,0.03338793214398893
383.0,6.8,1.6,0.4,8.1,3.4,0.0,c,0.033304204402212795
472.0,15.0,0.08,8.4,9.5,9.1,23.25,d,0.03323231668445196
380.0,22.3,0.67,0.8,8.7,8.5,0.0,b,0.03309286238370174
383.33333333333,17.666666666667,0.83333325,1.0,9.3333333333333,9.0,0.0,b,0.03299302972055405
383.33333333333,17.666666666667,0.83333333333333,1.0,9.3333333333333,9.0,0.0,b,0.0329930293443513
383.0,8.9,1.3,0.6,7.5,4.2,0.0,b,0.032970238435546514
381.0,9.0,0.7,1.3,10.4,10.3,0.0,a,0.032924566794450716
376.0,18.7,0.0222,1.56,9.56,8.67,38.5,a,0.03292436673119332
373.0,9.0,0.03,1.6,14.0,10.0,4.75,a,0.03286555782534628
448.0,25.0,0.96,4.7,7.0,3.7,2.63541666666667,d,0.03248031569689032
454.0,25.0,0.96,4.7,7.0,3.7,2.63671875,d,0.03247762166378118
389.0,17.6,0.01,3.3,9.6,9.3,17.75,b,0.03246501361869774
388.0,18.0,0.2,2.4,11.0,9.0,0.0,a,0.032270040816052566
398.0,13.0,0.0875,2.0,10.0,8.6,0.0,a,0.031917829713009896
434.0,29.1,0.93,5.2,7.1,5.3,0.908531249999999,d,0.03190861298459123
386.0,17.0,0.525,0.9,6.3,3.8,0.0,b,0.03180703494889326
375.0,11.0,0.81,0.3,11.0,0.0,0.0,c,0.031683147725046115
371.0,17.0,0.76,0.3,8.1,7.0,0.0,b,0.0316526172995375
441.0,29.0,0.95,4.8,7.1,3.2,1.1875,d,0.031488006618671044
376.0,17.0,0.48,1.4,6.7,3.9,0.0,b,0.031435307541175794
513.0,24.2,0.03,6.0,11.6,5.7,33.0,d,0.031385663702874406
388.0,18.0,0.65,0.9,9.1,9.9,0.0,a,0.031205451850095246
386.0,17.0,0.64,0.9,6.3,3.8,0.0,b,0.03118654913221784
437.0,39.0,1.1,3.4,6.4,3.4,42.0,d,0.03116685504302236
386.0,17.0,0.65,0.9,6.3,3.8,0.0,b,0.030859861378287206
386.0,17.0,0.65,0.9,6.3,3.8,0.0,b,0.030859861378287206
386.0,17.0,0.65,0.9,6.3,3.8,0.0,b,0.030859861378287206
379.0,16.5,0.53,3.6,9.6,11.2,27.5,c,0.030830067993836467
448.0,20.9,0.03,3.8,9.2,5.8,0.0,c,0.030813531781578262
385.0,21.0,0.15,1.3,8.8,7.9,4.7,a,0.030684726061941742
442.0,16.5,0.03,1.7,8.7,5.0,9.33333333333334,a,0.030615760940874648
426.0,20.0,0.05,1.4,8.0,9.3,0.0,b,0.030326921917847863
378.0,32.4,1.42,0.0,8.11,8.11,0.71,d,0.030273485354040782
464.0,17.2,0.24,7.5,9.5,6.6,3.0,d,0.030122117156648025
429.0,18.0,0.22,1.7,8.7,7.0,0.0,a,0.029903362714705558
428.0,25.0,0.03,6.0,7.0,5.3,32.5,c,0.029839155261216093
370.0,23.0,0.956,0.25,7.0,4.5,12.0,c,0.029808149458710003
380.0,27.0,0.83,0.2,5.4,4.0,0.0,c,0.029383866926336065
392.0,12.0,0.688,0.5,13.0,8.25,3.5,a,0.029141237767512092
393.0,12.0,0.62,0.3,8.3,6.2,0.0,a,0.02881167811662645
376.0,22.0,0.25,1.3,0.23,5.4,0.0,c,0.028475346346567326
366.0,4.1,0.2,1.7,11.7,10.0,0.0221946022727273,a,0.028093364839050946
380.0,15.5,0.21,0.4,8.5,6.1,0.0,a,0.027795307312892484
388.0,6.3,0.56,0.2,7.6,1.8,0.0,b,0.027794914519790517
376.0,24.9,0.077,0.6,8.4,0.0,0.0,c,0.027663873899136774
362.0,8.9,1.0,0.3,11.2,12.0,0.0,a,0.027661178801869545
385.0,8.8,0.7,0.4,7.5,1.6,0.0,c,0.02764625934551453
393.0,12.6,0.03,2.4,10.2,9.6,37.6666666666667,a,0.027588393350633636
437.0,26.0,1.1,3.5,7.0,3.5,3.59375,d,0.027431700722983635
437.0,26.0,1.1,3.5,7.0,3.5,3.59375,d,0.027431700722983635
456.0,26.0,1.1,3.5,7.0,3.5,3.59375,d,0.027423605821088787
385.0,25.0,0.22,1.3,8.6,8.0,0.0,b,0.027185470182653403
387.0,15.0,0.04,1.2,12.0,9.8,9.5,a,0.027078609049516852
386.0,15.0,0.9,0.3,8.3,5.2,0.0,b,0.026897684334987154
436.0,22.0,0.51,3.8,9.4,6.0,0.0,c,0.02682770733719358
385.0,7.9,0.88,0.6,7.2,1.1,0.0,c,0.026482570641846736
385.0,25.0,0.22,1.3,8.6,6.2,0.0,b,0.026392043182653403
450.0,21.0,0.53,1.8,11.0,7.7,2.9,c,0.02564448827074573
386.0,6.6,0.68,0.3,7.6,0.0,0.0,c,0.025231897610717053
379.0,25.0,0.22,1.6,9.3,7.6,0.0,b,0.025041089822163937
435.0,15.0,0.03,1.7,8.2,6.5,0.0,a,0.024691591363359244
489.0,18.0,0.39,2.5,11.0,7.1,14.0,c,0.024599529351238388
373.0,0.9,1.0,0.4,6.7,4.4,0.0,b,0.024598783639247557
448.0,22.0,0.35,6.0,7.0,5.6,0.0,c,0.024590122994559496
364.0,1.9,0.78,0.2,14.6,8.8,0.0,a,0.024589417734803824
387.0,4.8,1.18,0.6,8.3,3.5,0.0,b,0.024488955775720272
384.0,26.1,0.37,0.5,5.2,3.1,0.0,c,0.02439871923884375
382.0,15.6,0.42,0.7,9.7,9.4,0.0780989583333351,a,0.024193183778270524
368.0,17.9,0.08,1.7,10.1,10.0,0.0,a,0.023991926872023138
375.0,37.0,0.83,0.1,4.5,2.0,0.0,d,0.023986062714443087
375.0,37.0,0.83,0.1,4.5,2.0,0.0,d,0.023986062714443087
375.0,37.0,0.83,0.1,4.5,2.0,0.0,d,0.023986062714443087
427.0,19.7,0.03,1.7,8.7,6.0,2.5,b,0.023835605213906447
386.0,27.0,0.13,1.2,8.4,7.0,20.0,b,0.023567096941568274
495.0,22.0,0.84,8.9,7.4,6.1,3.1215625,d,0.023503611685049844
388.0,5.8,0.88,0.4,8.4,1.8,0.0,b,0.0234144428004329
490.0,22.0,0.84,9.0,7.5,4.5,0.0,d,0.023367986721480286
430.0,13.0,0.53,3.9,11.5,9.7,14.9116347569956,c,0.02323460929863034
397.0,0.9,0.0,0.4,12.0,11.0,0.0,a,0.023114102084274557
397.0,0.9,0.0,0.4,12.0,11.0,0.0,a,0.023114102084274557
385.0,13.0,0.77,0.4,8.3,4.8,0.0,a,0.022659139646486356
382.0,17.0,0.65,0.9,6.3,0.0,0.0,c,0.022348664053744447
382.0,17.0,0.65,0.9,6.3,0.0,0.0,c,0.022348664053744447
430.0,13.0,0.53,3.9,11.5,9.7,9.0,c,0.02225579634249447
446.0,17.0,0.01,1.8,11.0,7.6,9.9,a,0.02182328437443859
382.0,17.6,0.84,0.9,9.4,0.0,0.0,c,0.02177091849002578
375.0,37.0,0.83,0.6,4.5,2.0,0.0,d,0.02176557718345756
382.0,9.7,0.04,1.7,11.0,15.0,30.0,a,0.021659039585526323
453.0,19.0,0.35,7.5,8.5,6.6,0.0,d,0.021077075235255413
453.0,19.0,0.35,7.5,8.5,6.6,0.0,d,0.021077075235255413
390.0,19.0,0.81,2.6,9.2,7.0,0.0,c,0.020775042980107523
387.0,6.1,0.59,0.3,7.7,0.0,0.0,c,0.020276114965716054
387.0,6.1,0.59,0.3,7.7,0.0,0.0,c,0.020276114965716054
389.0,10.0,0.6,0.3,11.0,7.7,0.0,a,0.019935687435869192
446.0,2.8,0.09,3.9,11.0,13.0,4.0,a,0.019816844182130863
385.0,8.8,0.74,0.4,7.5,0.0,0.0,c,0.019397573028201713
381.0,21.3,0.81,1.6,9.3,8.5,25.3216145833333,c,0.018669005560510356
432.0,20.2,0.03,1.8,9.1,6.0,4.92857142857144,b,0.018414907990910556
447.0,18.0,0.04,1.8,9.0,6.9,4.1875,a,0.018344510737684987
389.0,19.9,0.19,0.5,9.0,6.3,0.0,a,0.018321463074248673
534.0,40.0,0.22,16.0,5.6,0.0,0.0,e,0.01801458950588792
371.0,14.0,0.78,0.5,12.0,8.9,0.0,b,0.017819342934784203
392.0,14.5,0.02,6.6,10.4,10.9,22.0,c,0.017655590877613727
481.0,20.0,0.38,4.5,8.0,6.0,0.642534722222223,c,0.017056433656017476
395.0,12.0,0.15,5.0,11.0,8.4,0.833333333333329,b,0.016972921316645104
395.0,19.0,0.15,2.6,9.0,8.1,0.0,b,0.016311727213955504
453.0,26.0,0.94,3.8,6.6,3.7,0.218229166666667,d,0.016063566994632288
393.0,22.4,0.65,0.9,6.7,6.0,0.0,b,0.015158809473588752
390.0,26.0,0.22,1.6,9.7,7.4,0.0,b,0.014869884340255646
456.0,32.0,0.5,5.0,7.5,7.0,8.05,d,0.014682767483794091
409.0,25.0,1.0,0.9,8.5,2.3,0.0,d,0.014127823449186113
345.0,19.4,0.08,1.8,8.8,9.6,35.6302083333333,a,0.013956665561557982
389.0,22.0,0.57,5.7,8.8,11.0,0.0,c,0.013951445495993996
375.0,15.0,1.0,0.3,9.0,4.5,0.0,c,0.01380350362812352
375.0,15.0,1.0,0.3,9.0,4.5,0.0,c,0.01380350362812352
460.0,15.0,0.06,1.8,7.5,9.4,5.0,b,0.01356816939100848
393.0,22.4,0.66,2.2,7.2,6.0,0.0,c,0.013248344138807806
448.0,18.2,0.5,1.82,9.1,7.27,5.98744841269841,c,0.012958476605647069
361.0,15.0,0.08,3.9,9.1,10.0,29.5,b,0.012876093048937755
390.0,8.7,0.1,3.8,12.0,10.0,0.0,a,0.012764819164333328
387.0,6.1,0.6,0.3,7.7,2.5,0.0,b,0.012423810318748691
390.0,27.0,0.82,3.1,9.3,8.6,30.0,c,0.012421517795127592
382.0,17.0,0.6,0.5,9.1,6.6,0.0933251096491219,a,0.01213996876466998
394.0,27.0,0.3,0.9,8.4,4.6,0.0,b,0.011348232671801385
363.0,15.1,0.06,3.9,9.1,9.9,11.2603565809462,b,0.010472421373120794
437.0,32.0,0.36,5.0,7.5,4.5,6.4,d,0.009973379349679477
0.0,21.0,0.6,3.7,7.9,4.4,0.0,c,0.00921175418549811
397.0,11.3,0.24,3.2,12.3,7.3,3.5625,b,0.009166288563914174
389.0,7.9,1.0,0.4,7.0,2.9,0.0,b,0.008982477642294606
389.0,7.9,1.0,0.4,7.0,2.9,0.0,b,0.008982477642294606
389.0,7.9,1.0,0.4,7.0,2.9,0.0,b,0.008982477642294606
389.0,7.9,1.0,0.4,7.0,2.9,0.0,b,0.008982477642294606
389.0,7.9,1.0,0.4,7.0,2.9,0.0,b,0.008982477642294606
389.0,7.9,1.0,0.4,7.0,2.9,0.0,b,0.008982477642294606
397.0,11.0,0.03,3.3,11.0,11.0,0.0,a,0.00882290387525874
378.0,23.0,0.483,5.0,6.3,0.0,0.0,d,0.00861541646965166
381.0,15.6,0.38,0.7,10.2,10.8,0.0,a,0.007608560358851816
391.0,22.5,0.22,1.6,8.8,7.9,0.0,a,0.007589644936427123
483.0,3.6,0.37,4.8,12.2,18.7,30.75,c,0.006893669238487051
398.0,8.9,0.03,3.1,9.1,4.1,0.0,a,0.004490269670357658
426.0,14.0,0.07,4.0,9.6,9.6,2.03083333333333,c,0.004168675855586501
469.0,13.0,0.01,4.0,9.3,9.5,0.0,b,0.003835455616334268
469.0,13.0,0.01,4.0,9.3,9.5,0.0,b,0.003835455616334268
395.0,15.4,0.13,1.3,11.3,10.3,14.2,a,0.0034043005648171864
397.0,24.7,0.44,2.5,8.5,6.5,0.0,c,0.0029300466095946477
377.0,27.0,0.78,0.9,9.0,5.0,0.0,c,0.002088253463849823
487.0,25.0,0.6,2.6,6.4,0.0,0.0,d,0.0016034274151224856
455.0,17.0,0.03,1.9,9.8,6.6,9.9,a,0.0011001938869576798
454.0,18.0,0.075,4.0,10.3,8.1,11.0,c,0.00047908693672314175
399.0,9.1,0.08,4.2,11.0,9.5,0.0,c,-0.0004949860445114945
469.0,17.0,0.16,1.9,9.7,7.9,-0.546875,a,-0.001438079204373905
426.0,20.0,0.01,1.3,8.4,7.7,8.0,b,-0.001841319940402826
451.0,11.0,0.01,1.9,9.3,10.0,0.0,a,-0.002203696311870392
451.0,11.0,0.01,1.9,9.3,10.0,0.0,a,-0.002203696311870392
451.0,11.0,0.01,1.9,9.3,10.0,0.0,a,-0.002203696311870392
449.0,12.0,0.2286,1.9,8.5,8.5,22.0,a,-0.003226306452009894
395.0,22.9,0.35,5.2,6.3,5.3,0.0,c,-0.0033651806094337697
333.0,20.0,0.15,0.5,9.1,10.0,30.5,a,-0.0035528125417099475
436.0,13.0,0.03,1.9,13.0,8.5,12.0,a,-0.003756829644798937
466.0,13.0,0.02,1.9,11.0,7.4,0.0,a,-0.004022364201859512
392.0,19.9,0.91,1.4,10.3,9.6,0.0,c,-0.0040669746538673605
370.0,15.6,0.6,0.4,7.4,3.5,0.0,b,-0.004313666103084753
456.0,22.0,0.05,4.0,8.7,6.8,4.1,c,-0.0044587511896392006
318.0,7.1,0.79,3.2,6.1,26.2,0.0,b,-0.004998357185208028
412.0,22.0,0.25,4.0,7.3,3.9,0.0,c,-0.006197306443501256
349.0,20.0,0.0444,0.667,8.67,7.33,28.5,a,-0.007308233888988433
400.0,12.0,0.17,4.5,11.0,9.0,0.0,c,-0.008646060320311552
437.0,20.0,0.06,3.1,9.2,7.6,3.5,c,-0.008701856208248891
466.0,21.0,0.04,1.9,8.9,6.7,5.7,b,-0.008841074703112215
394.0,24.8,1.0,2.2,7.3,4.8,0.0,c,-0.009790908094654736
437.0,20.0,0.06,3.1,9.2,8.9,3.5,c,-0.010921152019843023
420.0,23.0,0.05,4.0,8.4,7.0,0.139787946428577,c,-0.011496444293818627
443.0,27.0,1.2,3.7,7.6,3.3,6.0,d,-0.011962504176355446
381.0,23.0,0.39,3.7,8.9,11.0,26.0,c,-0.01274342761133875
420.0,24.7,0.37,4.0,7.8,6.4,0.0,c,-0.01317008862619598
447.0,20.0,0.07,3.3,9.1,7.2,5.5,c,-0.013792828421069948
457.0,20.0,0.51,4.8,7.7,8.7,1.87727272727273,c,-0.014870094908290908
457.0,20.0,0.51,4.8,7.7,8.7,1.85060763888889,c,-0.014870094908290908
398.0,23.0,0.88,5.0,9.0,9.0,22.1,d,-0.015303193890156648
445.0,20.0,0.07,5.7,9.2,8.2,0.0,c,-0.016175374239814664
382.0,11.0,0.03,1.9,21.0,13.0,14.486921529175,a,-0.016449751483610275
459.0,20.0,0.35,4.6,9.3,6.5,0.77986111111111,c,-0.01708526705058148
400.0,15.0,0.54,2.6,6.8,4.1,0.0,c,-0.019561084034447996
399.0,18.3,0.98,3.4,8.3,5.1,0.0,d,-0.02016483093181919
401.0,14.6,0.55,0.9,10.2,5.6,0.0,b,-0.022070679890274187
444.0,20.0,0.05,6.0,9.6,8.7,0.0,c,-0.022147638990270762
400.0,7.2,0.1,1.7,13.0,12.0,17.5267857142857,a,-0.022433761687555287
400.0,21.0,0.75,3.2,7.9,5.9,8.13802083285964e-05,c,-0.02534239368975239
383.0,20.0,0.2,0.4,5.5,1.5,0.0,c,-0.026402160730941048
401.0,14.7,0.44,4.6,9.2,8.8,0.0,c,-0.026422194405788645
501.0,3.8,0.02,4.2,14.2,9.7,30.0833333333333,b,-0.02657136336530386
448.0,20.0,0.53,7.2,8.5,6.1,12.0,d,-0.027402978544952522
402.0,9.6,0.03,2.2,10.9,14.4,38.1458333333333,a,-0.02777621089461765
401.0,24.9,0.02,3.3,7.4,7.8,0.0,c,-0.028965779160178808
440.0,20.0,0.05,1.7,9.1,6.3,0.0,b,-0.029511599155774875
440.0,20.0,0.05,1.7,9.1,6.5,0.0,b,-0.029511599155774875
394.0,20.0,0.83,2.6,8.6,4.9,0.0,c,-0.030693875861609984
456.0,20.0,0.72,11.0,7.9000000953674,4.2,8.25,d,-0.03210965613990656
402.0,14.0,0.26,1.2,11.0,14.0,3.7,b,-0.03427662059804515
401.0,3.2,0.08,1.4,8.8,23.0,12.5,a,-0.03453597253155489
447.0,20.0,0.02,6.1,9.4,8.4,3.65333333333333,c,-0.03491967491664422
408.0,3.7,1.43,1.8,13.2,14.6,3.47688492063492,c,-0.03866254239905413
512.0,12.1,0.01,6.2,18.4,6.5,10.37109375,c,-0.03945922783468317
402.0,25.0,0.45,1.1,8.5,6.6,0.0,c,-0.04043686691978575
433.0,20.0,0.03,1.8,9.2,6.2,0.0,b,-0.041444748942635584
460.0,3.8,0.03,3.8,11.1,16.9,10.5,a,-0.0439232765191969
362.0,20.0,0.6,2.6,9.1,8.2,2.4,c,-0.045208641651170556
398.0,17.1,0.49,4.0,8.9,7.6,0.0,c,-0.046075800623319674
377.0,23.9,0.62,0.7,8.9,8.5,1.15,c,-0.05091165254332011
376.0,20.0,0.6,3.2,9.3,9.0,27.0,c,-0.05203748899529571
458.0,22.0,0.5,2.0,8.0,6.0,28.4166666666667,c,-0.058574118658957085
379.0,23.9,0.365,0.9,10.7,6.0,0.0,b,-0.05937066030848687
379.0,23.9,0.37,0.9,10.7,6.0,0.0,b,-0.06086109445575645
373.0,24.0,0.1,0.3,10.0,6.8,0.0,a,-0.06538786018164347
402.0,22.0,0.62,3.9,7.4,6.3,0.0,c,-0.07051838178279464
423.0,28.0,0.63,2.4,8.4,6.4,30.6,c,-0.08055397971975445
404.0,12.0,0.06,2.2999999523163,12.0,9.1000003814697,41.125,a,-0.0810485012969052
454.0,13.0,0.01,2.0,13.0,7.7,11.0,a,-0.08392057328862053
433.0,28.0,0.67,2.4,6.7,3.1,5.6,d,-0.08402154540916171
402.0,14.0,0.26,7.9,11.0,14.0,0.0,d,-0.08456329267596727
361.0,10.6,0.4,0.4,11.3,10.9,0.0,a,-0.09390384161658982
462.0,12.0,0.0,2.0,8.5,10.0,10.7,a,-0.09409868149222879
462.0,12.0,0.01,2.0,8.5,10.0,10.7,a,-0.09409868149222879
404.0,17.7,0.34,4.2,8.5,6.1,0.0,c,-0.09564175649832445
508.0,28.0,0.11,16.0,7.0,2.9,0.0,e,-0.0967213314416567
434.0,16.7,0.03,2.0,10.8,7.3,7.39285714285714,a,-0.09687478861972294
430.0,21.0,0.04,2.0,16.0,6.2,6.0,b,-0.09898045267175512
427.0,19.0,0.03,2.0,11.0,6.6,6.0,b,-0.09902495675233897
449.0,24.6,0.05,4.1,8.9,5.1,0.0,c,-0.09992395232085848
362.0,17.2,0.03,2.0,10.2,8.8,5.2734375,a,-0.10252712995424558
445.0,28.5,0.4,3.5,7.2,4.8,17.0,c,-0.10828578045525135
351.0,28.0,0.03,1.8,6.2,6.2,45.0,c,-0.10834829748096171
384.0,22.0,0.4,0.1,5.2,4.6,0.0,b,-0.11133275479926907
384.0,22.0,0.4,0.1,5.2,4.6,0.0,b,-0.11133275479926907
383.0,21.0,0.43,4.1,7.8,9.3,28.0,c,-0.11146628704554004
372.0,3.9000000953674,0.15,0.69999998807907,12.800000190735,7.1,0.0,a,-0.11155466617785603
378.0,17.7,0.8,0.9,9.9,9.6,0.0,b,-0.1126802796717954
388.0,22.4,0.22,2.0,8.8,7.5,0.0,a,-0.12217612156047265
388.0,22.4,0.22,2.0,8.8,7.5,0.0,a,-0.12217612156047265
388.0,22.4,0.22,2.0,8.8,7.5,0.0,a,-0.12217612156047265
388.0,22.4,0.22,2.0,8.8,7.5,0.0,a,-0.12217612156047265
388.0,22.4,0.22,2.0,8.8,7.5,0.0,a,-0.12217612156047265
388.0,22.4,0.22,2.0,8.8,7.5,0.0,a,-0.12217612156047265
388.0,22.4,0.22,2.0,8.8,7.5,0.0,a,-0.12217612156047265
388.0,3.9,0.03,4.2,14.0,12.0,6.0,a,-0.12956694991629267
446.0,25.0,0.8,5.0,8.1,5.0,0.0,d,-0.1316469568526486
398.0,9.5,0.0333,2.0,10.8,14.7,34.2651515151515,a,-0.1391780467855713
440.0,28.0,0.95,4.0,7.2,3.1,2.47916666666667,d,-0.13963196445884998
441.0,28.0,0.95,4.0,7.2,3.1,2.47916666666667,d,-0.1396323597288953
405.0,14.0,0.28,1.4,11.0,8.0,0.0,b,-0.15450525434336057
397.0,28.0,0.6,4.7,6.8,9.6,0.0,d,-0.1548166559196503
405.0,1.0,0.05,1.1,12.0,0.0,0.0,b,-0.15517926574024446
405.0,24.5,0.48,1.1,8.1,7.0,7.95636859152182e-06,c,-0.15603035917249403
405.0,24.5,0.48,1.1,8.1,7.0,0.0,c,-0.15603035917249403
454.0,28.0,0.05,8.1,7.5,8.6,31.0,d,-0.18124501114689037
380.0,24.0,0.983,3.5,8.0,9.0,26.0,d,-0.22238761441815474
434.0,24.0,0.16,2.5,9.8,10.0,5.9,c,-0.22648612607948576
436.0,24.0,0.0,4.4,8.4,6.7,24.95,c,-0.23885797859271246
444.0,24.0,0.02,4.8,7.6,6.2,23.4,c,-0.23902729718119098
380.0,24.0,1.0,3.5,8.0,9.0,26.0,d,-0.23912591376657727
399.0,20.0,0.8,4.3,8.5,7.0,0.0,c,-0.23913155703907907
481.0,24.0,0.45,4.5,9.5,4.2,0.0,d,-0.2397168299133884
464.0,24.0,0.04,3.5,8.5,6.0,0.0,c,-0.24449800003552036
338.0,24.0,0.16,1.7,8.2,8.4,39.8875,b,-0.2575118785241315
439.0,24.0,0.125,3.9,9.6,7.5,0.0,c,-0.2604851929717283
445.0,16.0,0.01,4.1,10.0,8.0,7.0,c,-0.27076641370479043
410.0,22.0,0.8,4.1,7.6,5.0,0.0,d,-0.27278240127624875
390.0,16.0,0.725,0.3,8.0,6.6,4.5,b,-0.2785837341019304
390.0,16.0,0.73,0.3,8.0,6.6,4.5,b,-0.27928220425935024
390.0,16.0,0.73,0.3,8.0,6.6,4.5,b,-0.27928220425935024
390.0,16.0,0.73,0.3,8.0,6.6,4.5,b,-0.27928220425935024
390.0,16.0,0.73,0.3,8.0,6.6,4.5,b,-0.27928220425935024
463.0,16.0,0.15,2.4,11.0,8.5,12.0,b,-0.2961288270618389
352.0,16.0,0.01,0.8,11.0,9.0,25.0,a,-0.29630607962691
446.0,16.0,0.0,2.5,7.4,10.0,2.3203125,b,-0.2975106985196841
446.0,16.0,0.05,3.0,8.8,9.6,1.5859375,b,-0.2994670513678835
457.0,16.0,0.04,5.1,6.9,9.7,17.1,c,-0.3000754282552545
369.0,16.0,0.28,0.9,12.0,8.3,17.0,a,-0.3006373514031978
369.0,16.0,0.28,0.9,12.0,8.3,17.0,a,-0.3006373514031978
424.0,16.0,0.08,4.4,9.1,6.8,0.0,c,-0.30080146541200087
422.0,16.0,0.05,1.3999999761581,14.0,9.0,34.3,a,-0.30132880246158966
454.0,16.0,0.29,1.4,9.5,6.4,0.149999999999999,b,-0.302351289140528
375.0,16.0,0.29,0.9,11.0,7.8,17.5,a,-0.30247735028069017
455.0,16.0,0.48,4.9,8.1,10.0,0.95,c,-0.30415053179247864
406.0,22.0,0.25,4.7,11.0,9.1,0.21875,c,-0.310460826476836
406.0,25.1,0.03,1.4,9.2,8.1,22.0,c,-0.3109146553204848
384.0,16.0,0.66,0.4,8.1,5.1,2.7751922608843e-05,a,-0.3124093684808016
411.0,16.0,0.2,1.7,9.4,7.1,13.3611111111111,a,-0.3161294562506252
406.0,1.9,0.39,2.7,21.0,20.0,2.0,a,-0.32657001846246175
371.0,16.0,1.0,0.2,8.4,6.0,0.0,c,-0.3284847144747964
405.0,24.0,0.29,2.5,6.6,3.5,0.0,c,-0.43938906321732335
444.0,16.0,0.0,2.0,11.0,3.7,15.0,b,-0.44632873459444417
407.0,7.9,0.15,4.6,11.0,9.3,3.0,b,-1.3803597314810567
407.0,12.0,0.02,1.5,14.0,12.0,0.0,a,-1.385406691368357
407.0,15.0,0.03,1.3,11.0,10.0,21.5,a,-1.3872745281554577
